path,bytes,sha256
.ai/roles/admin-frontend.md,239,9ac6e14471b26034efe6f43fca3eb7b584d2782fa6dcae619eea8df7d1406649
.ai/roles/backend-core.md,343,bcf3e45ea1e72771cc659b5f0937c6f63a1652a6ddb6b3da55f67da172c2064a
.ai/roles/c-frontend.md,199,f79f377d4dab5100e224e1ece5f592fbece536d48c2413895ad8a2eb7b038c50
.ai/roles/merchant-frontend.md,201,5e3da63948e35cb440616874233bf54fd75404185d2d9952bcf2ee55413e8ac0
.ai/roles/qa.md,249,94bd2fad9b0acad8be45e262d8f304fe176ca24f57dc39aa3e5fbc9f7883dddf
.ai/roles/transaction-backend.md,341,7c83d622d11312ff3d2b83c08584af47fdafb2f35b76cbb20f6f4683103bbffd
.ai/templates/ccr-template.md,441,b430854edfd45917ce46e495667d83d3d2aab9622546b0723a76ee1e27f5ef11
.ai/templates/codex-task-start.md,389,75dae1fc964ab9791299ad426079fcea4ea51dc6a1c5614662c7efafe3c2cc3a
.ai/templates/reviewer-prompt.md,223,0457189ad91a4c020b745ee2049905a6687b22594088465819636250d3061c67
.ai/templates/task-template.md,169,9ceb9de44213d620fe44a996056265916076ca77e0209e3028fc04c5f5719efb
.github/CODEOWNERS,435,a83cd746dbbb93ef832f40fa1063f237ed97ed851a34b8034cc8f7f0170f4574
.github/ISSUE_TEMPLATE/contract-change-request.yml,845,9b4a5ead1259919c74eff506d458f3d37a582bf3659b90a2678e7ab1c0c3f6e2
.github/ISSUE_TEMPLATE/engineering-task.yml,826,ceb5346e9dbbb34c5c6c021fd37778417811b7fd253fb57a318329d511bb2304
.github/ISSUE_TEMPLATE/qa-task.yml,429,ea82b38e774626c585173c3644c578073911d417aaa7d35000538c3f0742c740
.github/PULL_REQUEST_TEMPLATE.md,381,35e91b2e5f0d27b41ddd990519ba837613ce7f013f8b82913a101048e665b771
.github/workflows/ci.yml,857,bb8a31e8b4da2ba59742bd3c34fded9030d5cdf98883cc6b2a490ce4f04eb6e5
.gitignore,224,e058c712b31a6f001dc5b13ae7882973ebf783e29185770a7518f92003dcd18e
00-START-HERE.md,1327,4a4757377223d36a7f3a03b137d9d5b6e24e8fe977e5b8c04fa3104595a9bd3f
01-WORK-FIRST-PROMPT.md,1476,731eb78f6dadcf8608e2c062bb9632206edc3ae5c4ce9cf8834eb2349d48e16f
02-HUMAN-CTO-操作手册.md,1578,49f86868a788222be5ca356ffef9b981325df90732f8bf7e1e20ffb32b44a88d
03-GITHUB-第一次初始化.md,1569,6f8a4d9be871930dd9fcf7b5b3b127a80f38c2d7b82eaad1961415260af31203
04-WAVE1-启动操作清单.md,1173,a31c682c5d3c8238dcde3844b63edd0456425b88b66eec3cf84c73157df36ea9
AGENTS.md,1687,f50d8eed8a2d9319249dce64818940bb139d11a2439c8c318fc39735722005bb
BOOTSTRAP_STATS.json,100,874fb82e3a582ff3010f11092d7ca711316557c42f276582fc99c8898a3c2f74
README.md,242,af34ec0295785824be88f4704660bf101aa7f6001e2e232685856a874e30f8b0
WORK_EXECUTION_PROTOCOL.md,2783,82850602c61c2c1d9caa352982ed71b9ae57105b9b4c1ea49240b0b3b3d06557
WORK_STATE.md,1344,3db3875ea1d1a609caa029e1379374d4e88b4d3593390cca791786b9f9765b9d
backend/.editorconfig,222,3545996f8eeb7b7bf3b860337b6f0af8f1b40612f858f110963fa2beacb89916
backend/.gitignore,111,b1aef867d5518c8056b3cb0bb262e09f7e4db227c83f81cabe42fc4eddcaa4d1
backend/README.md,1076,1f457c71632e79921f60d6359e500603311f81a7029a20abf942887b7ab5d635
backend/docker-compose.dev.yml,489,24ec750cc981573b182266136abce098cb70f270761a0a9b58071c40d241c29c
backend/docs/ARCHITECTURE.md,1364,61b9c8edc1b55c2fd0bbc1915dfe88d0be4baeac9034d232a46e0c95d5695a37
backend/docs/MODULE_DEPENDENCIES.md,1896,26752aec253e17db8bb6e7ba4170b74f1da88a3ba162eede0d0bf808ab85f431
backend/pet-admin-api/pom.xml,749,489dd6af8a9771b83b38ad11a206e3fdeadf1c9cbffceb6a7cef3188ac2cbd36
backend/pet-admin-api/src/main/java/com/petplatform/admin/api/ApiModuleMarker.java,72,20ca1d1c7fea3ee533562a0de01140b5e3665fa794cf4d9056be4f1451862682
backend/pet-admin-api/src/main/java/com/petplatform/admin/api/command/package-info.java,43,88bc5fce4e36858315da9a681f5b41a58996d4a92c86834c91aa9d48ac8babc9
backend/pet-admin-api/src/main/java/com/petplatform/admin/api/dto/package-info.java,39,2db3c17493017aad1ade6794e1f50db3996ea8466c5936ac62c632037a95abe0
backend/pet-admin-api/src/main/java/com/petplatform/admin/api/enums/package-info.java,41,4a0d6699664866d504395a73eb972eefcc4d6bbda1f09627817049c19bb1e16a
backend/pet-admin-api/src/main/java/com/petplatform/admin/api/error/package-info.java,41,7b8cae33b2e6451e6c48a486f426c813c4388a9fd24a9735d169d1a81108213b
backend/pet-admin-api/src/main/java/com/petplatform/admin/api/query/package-info.java,41,09a4e5425c4dfe61e44f69c57465ac8e0e835c108257f3fbf411546f884ff737
backend/pet-admin-biz/pom.xml,2882,704c541517a396dc244abb92a22b57df92204971adc276569a7261ab3df8670d
backend/pet-admin-biz/src/main/java/com/petplatform/admin/biz/BizModuleMarker.java,201,4b07f2aef3a5e3e2f1d3a72a6fb1f7703bbcf9393c733494755d12ac24f68534
backend/pet-admin-biz/src/main/java/com/petplatform/admin/biz/apiimpl/package-info.java,43,f982633d933936e45f89711b3995e2f43441c037a81ccdd1b1a174f0be01da2a
backend/pet-admin-biz/src/main/java/com/petplatform/admin/biz/application/package-info.java,47,bc36eacac281cacfaf983db00a3c3c4140f24185af48f5628f9fae911a670936
backend/pet-admin-biz/src/main/java/com/petplatform/admin/biz/domain/model/package-info.java,48,2cabf46bdde5e565d2f8615ed11980cfc507e13ae45be9c1cfd1e47e24fd1f98
backend/pet-admin-biz/src/main/java/com/petplatform/admin/biz/domain/service/package-info.java,50,ce5c271877c5d6d697ced699c2dc6e6a09347905c98dd72dc99af08065460b3e
backend/pet-admin-biz/src/main/java/com/petplatform/admin/biz/event/package-info.java,41,5c43946fa2c02d333a4d36955711f15955cfa05ecb5a6848ee0b08346d4ff615
backend/pet-admin-biz/src/main/java/com/petplatform/admin/biz/infrastructure/persistence/entity/package-info.java,69,988ccbf1db861d9ce50ceff54bfc00824b24c922265ca76451eb2e90d32a88da
backend/pet-admin-biz/src/main/java/com/petplatform/admin/biz/infrastructure/persistence/mapper/package-info.java,69,d8ebc9fedddbb69c3645f2d1ed128a3135668a75472dc7e67f5e32feafa01c8a
backend/pet-admin-biz/src/main/java/com/petplatform/admin/biz/infrastructure/provider/package-info.java,59,7b35b473ca937346703eb1292af158271109792e4fc17bac3f04a85c50ee33b0
backend/pet-admin-biz/src/main/java/com/petplatform/admin/biz/task/package-info.java,40,ca4081c76354d84ffd2f1d4b32b73bfa709348ba577db16bdfdd74efa764a364
backend/pet-aftersale-api/pom.xml,753,a7c485a807290de0896e7ee4f6dcd7f4727751ea16c2d1d70b108b76871ff5a9
backend/pet-aftersale-api/src/main/java/com/petplatform/aftersale/api/ApiModuleMarker.java,76,4598a385bab59de9f57c81a84cf54bafa1735953734c6e82f51fe7aa77c649bc
backend/pet-aftersale-api/src/main/java/com/petplatform/aftersale/api/command/package-info.java,47,52a4e4f5184ee855d0747b7f7f5f7408e3b85fc6e7526bd8f7bd8968731a8f4d
backend/pet-aftersale-api/src/main/java/com/petplatform/aftersale/api/dto/package-info.java,43,e595ffdda6e25be81e2b2dcabebeee2d2f02312ee5f2bc066140fb5906155962
backend/pet-aftersale-api/src/main/java/com/petplatform/aftersale/api/enums/package-info.java,45,8c69d6fc01d16f69c0c067f84cbd22c967e57f2027a2861789051e681559dfcf
backend/pet-aftersale-api/src/main/java/com/petplatform/aftersale/api/error/package-info.java,45,c8ce3b91bc747873623ca0e112251e43b44d932644f5fda4c6f7a041f6b099d2
backend/pet-aftersale-api/src/main/java/com/petplatform/aftersale/api/query/package-info.java,45,353c4114803ad7611a277aa07af3b6609f501adeeb0b9a38ac8927ca2167db7f
backend/pet-aftersale-biz/pom.xml,2027,56cf3d179c73a76cd2eac14fbc91da4999d78547cd73c93dd3ced30f11cf6b39
backend/pet-aftersale-biz/src/main/java/com/petplatform/aftersale/biz/BizModuleMarker.java,213,195e106cd2cd95a167749bbdcbd1183f3634b101ff224c74db794bd86423901a
backend/pet-aftersale-biz/src/main/java/com/petplatform/aftersale/biz/apiimpl/package-info.java,47,a80ec64705dccae39f451bd626442e939e59070660197f1e030369cd5db8261e
backend/pet-aftersale-biz/src/main/java/com/petplatform/aftersale/biz/application/package-info.java,51,d98c8449252ff1b8aa7f539101a9dd7b27ec678e6e4dc3edd0e2ca699c12b24a
backend/pet-aftersale-biz/src/main/java/com/petplatform/aftersale/biz/domain/model/package-info.java,52,00176d1bfb5b4c8988ccad7154298a3b2f41f65be1081a6ba33c677edbd1e69e
backend/pet-aftersale-biz/src/main/java/com/petplatform/aftersale/biz/domain/service/package-info.java,54,97a265ab6f3fb9583b7ce78de530adbbe3af6c88e7836ebe861b25af2cbe200e
backend/pet-aftersale-biz/src/main/java/com/petplatform/aftersale/biz/event/package-info.java,45,6aadca3763e90f503314aba6f0758807a2952b8de1cfd5e4678fb406ba7f45f3
backend/pet-aftersale-biz/src/main/java/com/petplatform/aftersale/biz/infrastructure/persistence/entity/package-info.java,73,0538a3dfe33ebc9d15923a794208fc9b9a53f0dc18d8d32cfb43fb797450f578
backend/pet-aftersale-biz/src/main/java/com/petplatform/aftersale/biz/infrastructure/persistence/mapper/package-info.java,73,51b2c721a96bb427432349371b1eb44d51de57316804859675c454cc8594bc1b
backend/pet-aftersale-biz/src/main/java/com/petplatform/aftersale/biz/infrastructure/provider/package-info.java,63,329af743dca579a3eae807f9157508b4ea3df4a45c56ab102745d3fdca2d01eb
backend/pet-aftersale-biz/src/main/java/com/petplatform/aftersale/biz/task/package-info.java,44,89376d8786868e6d617361fb435da4788e6dae85e2be0bd3adcc42719bf4b0bd
backend/pet-architecture-test/pom.xml,1290,52a2223779ba0d4dfc414040977ab84e61d45bb4470270e57664099b974d8758
backend/pet-architecture-test/src/test/java/com/petplatform/architecture/ArchitectureRulesTest.java,1797,43fa4c41f3aab4ccf5f141a7c05e13814be516e1d5a1cb653085f938124d1a64
backend/pet-boot/pom.xml,8097,1c15f060bd6b6fb73ac1bd27aafc6b7cbcd922adedbc80a986550c210b84f7ed
backend/pet-boot/src/main/java/com/petplatform/boot/PetPlatformApplication.java,372,2d54074bcc252ac8f8555d4fcad3b0c8be324822c198fe87702498b80b662f99
backend/pet-boot/src/main/java/com/petplatform/boot/adapter/web/admin/package-info.java,48,cf32a47f8eb7e5f8d7dd16d383b6edaae18f13a6171cd96cafe77ea7dcefc92c
backend/pet-boot/src/main/java/com/petplatform/boot/adapter/web/c/package-info.java,44,145d0a1815ac1f39e7aa6b356c577268eb657ebf1e76a84473ae0d8e83d5fb3c
backend/pet-boot/src/main/java/com/petplatform/boot/adapter/web/callback/package-info.java,51,0fe3f6192169d73d12e5291ea7ac6f3972b1594c003f0adeeb696c1d494f5c29
backend/pet-boot/src/main/java/com/petplatform/boot/adapter/web/internal/package-info.java,51,b36d53ac13f147c04214d2ce8480d86abae4fbcd1b7949d0e9e6fdd87c802a4b
backend/pet-boot/src/main/java/com/petplatform/boot/adapter/web/merchant/package-info.java,51,f8500aeaf673f060abc4d8670eeabdf6bd0a67c570197708ec8de10810de56ae
backend/pet-boot/src/main/java/com/petplatform/boot/config/package-info.java,37,ea71ffa2b9fcb5a7999d7cd8702211af6ca775e236e2a2d20f87167718c8adf1
backend/pet-boot/src/main/resources/application.yml,740,f55c1e96105f791657b23f52dc17fd17eadc63f16760a62089d7ba84861810c1
backend/pet-boot/src/main/resources/db/migration/README.md,361,cf3103136343a574547dd6cae47bec6e5be56f399521c129279a6a4935416767
backend/pet-common/pom.xml,569,aeab00a47e8e91d77f2fb7ec3b1ea44bc0a5d77a5cca384af012c120e9e29774
backend/pet-common/src/main/java/com/petplatform/common/ApiMarker.java,63,eb483844543ee36e6b52e6ad02c22c919876e83b622cd6bc503a72c546ba20e1
backend/pet-common/src/main/java/com/petplatform/common/CommandContext.java,203,8d1f98f1a449da9442a4c9996db683d4deadd8a3ff6f72277427b27e48baa720
backend/pet-common/src/main/java/com/petplatform/common/OperatorType.java,126,44cc92fcebd69a12a8a09501794653eafd8a52f3133d174b2b44281ef05d25d0
backend/pet-common/src/main/java/com/petplatform/common/PageResult.java,174,32b092053993d75c079080e302a3831f5dca9d8156f24e48984c28b2e160960e
backend/pet-common/src/main/java/com/petplatform/common/QueryContext.java,152,7df4b17aa58eb59e2827e32b22fcd0f6bae1cdfb42070af9a97ce410d6e8c826
backend/pet-community-api/pom.xml,753,9c076eb08f62db86ec9b1eac9b10b8543570a52b21bf2f158203c7ad12f62765
backend/pet-community-api/src/main/java/com/petplatform/community/api/ApiModuleMarker.java,76,4ee7b034d6276ce2c9bb3abad160d6ef9dffc80c622735669656dddad1d10678
backend/pet-community-api/src/main/java/com/petplatform/community/api/command/package-info.java,47,9773837a0072ebb94aa8a7c0570236ccf78e53e084a5fce34903c53f17b30ebc
backend/pet-community-api/src/main/java/com/petplatform/community/api/dto/package-info.java,43,d7ccd49d265b7f737f1ddd6b3709560fc9744876c6d703974a73b6b2e132f352
backend/pet-community-api/src/main/java/com/petplatform/community/api/enums/package-info.java,45,b81e09c684fbd3a114d1f7312b9846ae1ff383833d9d2161d83f7b3ab4af37f9
backend/pet-community-api/src/main/java/com/petplatform/community/api/error/package-info.java,45,bc2e28db3b1f4315cd5b7c0e8f18d8529089bf8b24a08885b4187f68c99848b1
backend/pet-community-api/src/main/java/com/petplatform/community/api/query/package-info.java,45,164fa63215a8b68a1aca08ee4a31b9f51430bcca3c7e3e30767080717121ee5f
backend/pet-community-biz/pom.xml,1884,d5b4e1126133af348f47294542f3b035aec58890c546a57ea65100677c28a148
backend/pet-community-biz/src/main/java/com/petplatform/community/biz/BizModuleMarker.java,213,76546a5b08fcdff188831c877e03c2a6bf93d11f3cdf3bda4eb1e7bf646aa5a5
backend/pet-community-biz/src/main/java/com/petplatform/community/biz/apiimpl/package-info.java,47,ffa67801587f177f56eeadd9f81c20a910dc5349782ad0706040a15a656d7c8f
backend/pet-community-biz/src/main/java/com/petplatform/community/biz/application/package-info.java,51,4258ffa9cd9430014deb6f0575b59949fa0146a6eb3f54a92361a509c50efe09
backend/pet-community-biz/src/main/java/com/petplatform/community/biz/domain/model/package-info.java,52,d71d345bd546f2a78b21c234f982e6156e8bf32500a2bcd900394053b40bd101
backend/pet-community-biz/src/main/java/com/petplatform/community/biz/domain/service/package-info.java,54,447bd03856d3c268f0358444f1a82e5ecf1e98a9316f6412f61ab464bc479d2a
backend/pet-community-biz/src/main/java/com/petplatform/community/biz/event/package-info.java,45,73cdbac90a02984ad2b7cf33af9732e7cf2c767de0b6cc2983e7cc91cd5685b5
backend/pet-community-biz/src/main/java/com/petplatform/community/biz/infrastructure/persistence/entity/package-info.java,73,4e4173b1c21a34933c14e5372185d4da2be6991c49cf3f22c03c4688dd54c36c
backend/pet-community-biz/src/main/java/com/petplatform/community/biz/infrastructure/persistence/mapper/package-info.java,73,ea37ce8a6c5e6053042d1dd449b6c0e1822622e8cdbeaf54746ff6034c7efd81
backend/pet-community-biz/src/main/java/com/petplatform/community/biz/infrastructure/provider/package-info.java,63,b3adebf17b409954aba32d045e5fa460b5e6a6627644f48914a3bf3312f87e68
backend/pet-community-biz/src/main/java/com/petplatform/community/biz/task/package-info.java,44,ad9ba6d13d98575b771f2714f66c1ee227efabec70df383cac1f74180c0af24a
backend/pet-coupon-api/pom.xml,750,c5ea9a8f570a76452a0064fef61f5fd115382ee4a0bb174bb47c987fcf6903e5
backend/pet-coupon-api/src/main/java/com/petplatform/coupon/api/ApiModuleMarker.java,73,9f08939d3b34ab879382d5dabccc9bba221b475a5dc204b6dd88d7c1ff1e41cf
backend/pet-coupon-api/src/main/java/com/petplatform/coupon/api/command/package-info.java,44,43b7b91d38c7effd10628bd7a4ddd7716a49ff5e12fde2434c7769e6719d6260
backend/pet-coupon-api/src/main/java/com/petplatform/coupon/api/dto/package-info.java,40,3222898df8493fc175b05ac34a783886286df7464a7bc9dd19384f9d2b4bccfc
backend/pet-coupon-api/src/main/java/com/petplatform/coupon/api/enums/package-info.java,42,f65aec918ea2007ad532cecbd3081dc3c71cc5580fc5162d9a45193500bee09f
backend/pet-coupon-api/src/main/java/com/petplatform/coupon/api/error/package-info.java,42,8d267551eabc4946325aabb7d3f2b29c2edec7fce12a864168a2c6534e2d2280
backend/pet-coupon-api/src/main/java/com/petplatform/coupon/api/query/package-info.java,42,864d2385c866db33abd631d2fa9ee399fede0193421fb29795354a84c293168b
backend/pet-coupon-biz/pom.xml,1905,7f2ba7a9a604d197bcf6990ec9faf588b366c3724556670518a0c5d07d673790
backend/pet-coupon-biz/src/main/java/com/petplatform/coupon/biz/BizModuleMarker.java,204,08291523eab32bf5b5b7690d2dfa370bd87a52317707f522779fd5eeadc44a6f
backend/pet-coupon-biz/src/main/java/com/petplatform/coupon/biz/apiimpl/package-info.java,44,48d46004bd048bb947531df2607ba84f7b67856fdfc0c498e2eda586a3c13935
backend/pet-coupon-biz/src/main/java/com/petplatform/coupon/biz/application/package-info.java,48,a3f2ef175d4a36f4d9b4db954c8d292dbcf06730ba49994ef5bfe6d23f79a68a
backend/pet-coupon-biz/src/main/java/com/petplatform/coupon/biz/domain/model/package-info.java,49,5f67106bae0733b43d458d39df47e48378bdec240c24e8608f1d53203b0af0c4
backend/pet-coupon-biz/src/main/java/com/petplatform/coupon/biz/domain/service/package-info.java,51,6d9edc7c9e6f426e719dd8beedd886ca20824b2452e2f38545dc506df668d828
backend/pet-coupon-biz/src/main/java/com/petplatform/coupon/biz/event/package-info.java,42,b46df79dda262a55162487f17ded2f3f9c35bf9f27f26d1d4ec95dc76ac75551
backend/pet-coupon-biz/src/main/java/com/petplatform/coupon/biz/infrastructure/persistence/entity/package-info.java,70,db8aebe412b308c3efc97c5603e547706e621c7669bd88b5cd249dac4bc82b72
backend/pet-coupon-biz/src/main/java/com/petplatform/coupon/biz/infrastructure/persistence/mapper/package-info.java,70,0ad2986e98c72badb3899f15fb45d748d5fc5e510638d9c28dae2fda3ecc5a50
backend/pet-coupon-biz/src/main/java/com/petplatform/coupon/biz/infrastructure/provider/package-info.java,60,8a66df7c8f8edc939798fb9ec2958b6559b901add2ce3db8c3eb4786db1bfe6b
backend/pet-coupon-biz/src/main/java/com/petplatform/coupon/biz/task/package-info.java,41,012a41b1cbee4526319127b01ab938e106db81f43de8113db0fa17c5f22c50f1
backend/pet-customer-service-api/pom.xml,760,2b3cfd59265035ccda38d30715e102c46fc46f70bd4d59e8aac798885560986f
backend/pet-customer-service-api/src/main/java/com/petplatform/customerservice/api/ApiModuleMarker.java,82,80d2f7fd3336dcfb25cb3f9fa1a64639b4e6191e46bacb0ac17fbdf07b4ed7c4
backend/pet-customer-service-api/src/main/java/com/petplatform/customerservice/api/command/package-info.java,53,b1886bb6f239e58779eca66b9992561da90b66934fa8bf95e8e1df842e87a6bd
backend/pet-customer-service-api/src/main/java/com/petplatform/customerservice/api/dto/package-info.java,49,53c7fedbda25a367f6636fffb83ef843c46b0980cb443b476a350616f22a9ca6
backend/pet-customer-service-api/src/main/java/com/petplatform/customerservice/api/enums/package-info.java,51,1ac17a2b05c4816b3001629a8a48ec007f11449354b54b60d3111eaea97cf67c
backend/pet-customer-service-api/src/main/java/com/petplatform/customerservice/api/error/package-info.java,51,86f5934cbc63bc5544d73b6bb47cda313e966db9350e80cb4adc32bb86302ce5
backend/pet-customer-service-api/src/main/java/com/petplatform/customerservice/api/query/package-info.java,51,7c0c5a8e2885e13cfafa36e492b0f93272418e53ccc9a878b27584f5555a43ef
backend/pet-customer-service-biz/pom.xml,1758,b5288b91b61b118c2fb740db3c1a7ef5a5c7bb900f96f6a79ed1044bbebc8424
backend/pet-customer-service-biz/src/main/java/com/petplatform/customerservice/biz/BizModuleMarker.java,233,68d46b76d6045d40771d4cd421abeccabd72fb030648af72bf4d1ad87b0a617f
backend/pet-customer-service-biz/src/main/java/com/petplatform/customerservice/biz/apiimpl/package-info.java,53,9206bce84bc341d045c4ccb42ebbdbf1d5f45fd0bc1ddddaffeb63187afdb407
backend/pet-customer-service-biz/src/main/java/com/petplatform/customerservice/biz/application/package-info.java,57,94055c2d24eb4adaff3a8de4bdc18d0fecc1751b153d50b032ca8d4932b1ec3b
backend/pet-customer-service-biz/src/main/java/com/petplatform/customerservice/biz/domain/model/package-info.java,58,56bd79669ad2a49f90e308ffcc8a8ca6c64e44b30c4f541167bebfebd9e48d33
backend/pet-customer-service-biz/src/main/java/com/petplatform/customerservice/biz/domain/service/package-info.java,60,960d7869ebcb1486ba239fb36ba0de01e7dd792a2d213eff8fc04bfa070ba864
backend/pet-customer-service-biz/src/main/java/com/petplatform/customerservice/biz/event/package-info.java,51,9f6a16271ebf18af64e3a1291724a0198651e796fca87ee1654a0879e8a3bcb7
backend/pet-customer-service-biz/src/main/java/com/petplatform/customerservice/biz/infrastructure/persistence/entity/package-info.java,79,b4f378be1292b9eaa85d96a43e85a9980fecc1abe73bb899111bf08b7456ddb7
backend/pet-customer-service-biz/src/main/java/com/petplatform/customerservice/biz/infrastructure/persistence/mapper/package-info.java,79,2eaa23597c077d733293e4a0443a6f66d3079ba25297470c2136b4db49481547
backend/pet-customer-service-biz/src/main/java/com/petplatform/customerservice/biz/infrastructure/provider/package-info.java,69,0b6b95b135151c89bcc124e2bd23ce269f6a253a15cdfb045a56896b412db0cb
backend/pet-customer-service-biz/src/main/java/com/petplatform/customerservice/biz/task/package-info.java,50,0d10d82ca6710c14a87afb27a3b607514ed1aceb78b2f1f8badf1ae7cf6ff054
backend/pet-event-api/pom.xml,749,6a6da5b139055c1d04b1a283db03589c6a3192a5a00558a016ae91875684cb49
backend/pet-event-api/src/main/java/com/petplatform/event/api/IntegrationEvent.java,322,476b89b8bebc0d3813f0123bdeb43b4d72d2847e382ffc0eeebde1fe193d06c1
backend/pet-event-api/src/main/java/com/petplatform/event/api/IntegrationEventPublisher.java,128,6af730875c60c766540d2e02ef8eda9d57ea9f33b5d645b9b2d0be8558250cca
backend/pet-event-core/pom.xml,1321,14fbf6226a2d3391b2c537f0f1f4fb4d48163bface8f478d145bcbf40e83e941
backend/pet-event-core/src/main/java/com/petplatform/event/core/EventCoreModuleMarker.java,253,3df5a58c1fe8b866c12841d3724fdbd6545bd98484c215f48dcff8962bb798a3
backend/pet-merchant-api/pom.xml,752,2865f7fa664b456dfa73d85a6763e3c0f5c130b788da67ab627d41035c560373
backend/pet-merchant-api/src/main/java/com/petplatform/merchant/api/ApiModuleMarker.java,75,90d44a5969e199e505d914e2b725ce71dbb8cd786ad135bb04efcd36fa0c3382
backend/pet-merchant-api/src/main/java/com/petplatform/merchant/api/command/package-info.java,46,e39c4b49a33ebfb93b59803fe652039779f3f6066ce8c1e57b034507248db8f7
backend/pet-merchant-api/src/main/java/com/petplatform/merchant/api/dto/package-info.java,42,94c3bb5f401a9397aa0b67c013bfaabb214e87f21558547721aa28e4f5f72cbe
backend/pet-merchant-api/src/main/java/com/petplatform/merchant/api/enums/package-info.java,44,f96ab59d502c8141953438dc5e29aecb78daa8aafdc76680425c848cab2640e8
backend/pet-merchant-api/src/main/java/com/petplatform/merchant/api/error/package-info.java,44,2a7b9bcbc00d679fbb6c07b4c619e89783d8d56ef0cf1ae5344c41940fcbc8c8
backend/pet-merchant-api/src/main/java/com/petplatform/merchant/api/query/package-info.java,44,6f5b79b1d83889cb3f9709dd53c51f41adf8766b81592c10c544abf8b9047cad
backend/pet-merchant-biz/pom.xml,1742,1a5e13b1999c460f506f08c0c0dce16f79a7910dda0b1cc2ee922a89f3d0e26f
backend/pet-merchant-biz/src/main/java/com/petplatform/merchant/biz/BizModuleMarker.java,210,cfa4707b905db9998758ff5cc1ad901a6f236933bc6440f4af32b397490842e2
backend/pet-merchant-biz/src/main/java/com/petplatform/merchant/biz/apiimpl/package-info.java,46,86c8b9f08a5caad2a08dbb3a2fd0cff873054ed55a91e3d942a0797a68289d76
backend/pet-merchant-biz/src/main/java/com/petplatform/merchant/biz/application/package-info.java,50,db898ef302b4419f70f791a69d564d3700feb6107ebbb7dd4a46b0df981c68f8
backend/pet-merchant-biz/src/main/java/com/petplatform/merchant/biz/domain/model/package-info.java,51,4754487b280b2ec56bd6c3a4d735e01c0cbacb8091ed812cde3021f3041a2276
backend/pet-merchant-biz/src/main/java/com/petplatform/merchant/biz/domain/service/package-info.java,53,5569ae1dc4da80a1a2d9c9da29ddd065fe2741dfb300a2638bf0566194d9d54e
backend/pet-merchant-biz/src/main/java/com/petplatform/merchant/biz/event/package-info.java,44,b7270bc0aebf7096371bc237e13ad74172b5a8bb81f37ad2db8c59ec7aebfd1c
backend/pet-merchant-biz/src/main/java/com/petplatform/merchant/biz/infrastructure/persistence/entity/package-info.java,72,3266669ea00ba05027ba3dae1bd3d986580492c8a115e71145dc0c4543be6582
backend/pet-merchant-biz/src/main/java/com/petplatform/merchant/biz/infrastructure/persistence/mapper/package-info.java,72,965e3e3dcd5534dbafef941a7fbe31d7e13c5594c3e1cf5d8fa0bb22a69a1d74
backend/pet-merchant-biz/src/main/java/com/petplatform/merchant/biz/infrastructure/provider/package-info.java,62,7020830f2f521e63b9a9ba9c523a03ddd81d1d56178880749f70c2e13842e2d7
backend/pet-merchant-biz/src/main/java/com/petplatform/merchant/biz/task/package-info.java,43,37b71cfcbf3bdf4a32c5e81178d59dfe2bf53f6188b0d6d26f33621cae6e670a
backend/pet-notification-api/pom.xml,756,98b0344ca3baf940900270ab8350499272eff64f5be648abcbebe0852ebae8cf
backend/pet-notification-api/src/main/java/com/petplatform/notification/api/ApiModuleMarker.java,79,bf9bc6f5a5600d5d79cafb77bf304494ffe8af9a169a909e2b67900503552f76
backend/pet-notification-api/src/main/java/com/petplatform/notification/api/command/package-info.java,50,061120ca0b0f5d1d3ef01bdf7126060270e20374210462f9580673dcedfb93f5
backend/pet-notification-api/src/main/java/com/petplatform/notification/api/dto/package-info.java,46,6bb7fd5866d31d2067d468a4ffc49f343af4cf68bdba612fab414c0b5d654ab2
backend/pet-notification-api/src/main/java/com/petplatform/notification/api/enums/package-info.java,48,cdf5230cf399031c03f9857887cbf3918295b26a3fc7503bd1309b654c782ca2
backend/pet-notification-api/src/main/java/com/petplatform/notification/api/error/package-info.java,48,91a366e826507a749c4d5b2cb337fe43fe5104a5d8e8ca85846ae381ab7ef7f1
backend/pet-notification-api/src/main/java/com/petplatform/notification/api/query/package-info.java,48,471d55f016321424d43e86be32e91b0e7c2b7dc6ad332a5c3f25b30c823636b3
backend/pet-notification-biz/pom.xml,2033,c80897aa75d5a7e9456e17d061432663c79375e38a385d41fec70470d4d4a310
backend/pet-notification-biz/src/main/java/com/petplatform/notification/biz/BizModuleMarker.java,222,642cd533508bba92889bcf96441cf2afb58ec1f702d45298c2678f2e2885618a
backend/pet-notification-biz/src/main/java/com/petplatform/notification/biz/apiimpl/package-info.java,50,6a1d8646e7a04343c61ee5bdd30387202c6367e01d31c8c06f639eb054dfd1ba
backend/pet-notification-biz/src/main/java/com/petplatform/notification/biz/application/package-info.java,54,5937e8a6fdd877f28c5d39264eb57f5531f1b067fea62ca1e438506875177bae
backend/pet-notification-biz/src/main/java/com/petplatform/notification/biz/domain/model/package-info.java,55,f1079a10fa81cda97adf5cad58f0bccad1057326d70e5cdd112e6d526658b18e
backend/pet-notification-biz/src/main/java/com/petplatform/notification/biz/domain/service/package-info.java,57,5618ca5c4e783ac4bd6f5f0ab6f18287652cd95dd817b62295833902ecdec0ad
backend/pet-notification-biz/src/main/java/com/petplatform/notification/biz/event/package-info.java,48,ca2b3c113a98dae02f6385e3f77a6773b4ca94ad700c761f0bad8f40f716d104
backend/pet-notification-biz/src/main/java/com/petplatform/notification/biz/infrastructure/persistence/entity/package-info.java,76,b44d2c7c23c8c94bd75e619e604ffdd82b0a05403b4cd0d484c7d93c2d8c4b36
backend/pet-notification-biz/src/main/java/com/petplatform/notification/biz/infrastructure/persistence/mapper/package-info.java,76,e4de84aa5fb88798e9013607935de4258550a21eb4b7a7548de0cc7f7a4b0c2f
backend/pet-notification-biz/src/main/java/com/petplatform/notification/biz/infrastructure/provider/package-info.java,66,0cdeaee503e89b0db3c4ede58e9d6325558cd74bb5da1651a7a58a2b23429943
backend/pet-notification-biz/src/main/java/com/petplatform/notification/biz/task/package-info.java,47,20919582dc631c19e18045390048dbe18360d94e7bec197fc3dc01dc691e915e
backend/pet-order-api/pom.xml,749,d99e3852d0ed9915a58c945e9af356cc519a914b1881bb170f65bf6741064eaf
backend/pet-order-api/src/main/java/com/petplatform/order/api/ApiModuleMarker.java,72,987ce008830d564492cb801ed6dcf43d6f25e0a7bead86acae06e3fff987bd57
backend/pet-order-api/src/main/java/com/petplatform/order/api/command/package-info.java,43,2be484d5822f3792c1ac9e03023905558e0aab03f4153b22223ec22f95b9a61e
backend/pet-order-api/src/main/java/com/petplatform/order/api/dto/package-info.java,39,b5a24e25d8ed2f63dd0b1fdb072c8e0a4e9d04c4e6a972a058d14b94e8a3eae2
backend/pet-order-api/src/main/java/com/petplatform/order/api/enums/package-info.java,41,8c54674a218802dcc542e5a894ecb725d2f0630156205236ec43da7af554aeb7
backend/pet-order-api/src/main/java/com/petplatform/order/api/error/package-info.java,41,57e31b5128092a9efd2055063879cb482962b566d621a50f6ccf58cbeaf166b6
backend/pet-order-api/src/main/java/com/petplatform/order/api/query/package-info.java,41,ce477ebba491e19b47d8c165025786548e88f3a10fc407482d0ac84efa0be4b9
backend/pet-order-biz/pom.xml,2733,991fde586767940e3b83b490faaa271f9c90b2d3bdef5afa0b979516e8ed7d1a
backend/pet-order-biz/src/main/java/com/petplatform/order/biz/BizModuleMarker.java,201,084a5c9ece2734b8a696c7f8f4bbef6d34d1b225f8a5171c0ec28581bc3fa5ac
backend/pet-order-biz/src/main/java/com/petplatform/order/biz/apiimpl/package-info.java,43,61e80075bb811751adcb5b20f9ae3bb8afa4aebddff9c61b3eb2ea6efa588219
backend/pet-order-biz/src/main/java/com/petplatform/order/biz/application/package-info.java,47,35f62f6f886d12d8ff12e8ef14f645db0333e87f0a372e27ef7311a78c2d3965
backend/pet-order-biz/src/main/java/com/petplatform/order/biz/domain/model/package-info.java,48,7f2af22927e50cf2bf47fc279dc42cafc063edc42b77583aa2a1b395cbf402a3
backend/pet-order-biz/src/main/java/com/petplatform/order/biz/domain/service/package-info.java,50,3bebc98f2cdd9c4357e14af77370364131f52c93cc2b530ce5e98f8cc3fca800
backend/pet-order-biz/src/main/java/com/petplatform/order/biz/event/package-info.java,41,768429ee2cf46e12f5860fac3d475a53561ef101a51cd911ed37fdf1dd75df44
backend/pet-order-biz/src/main/java/com/petplatform/order/biz/infrastructure/persistence/entity/package-info.java,69,152c4c187b8c5f509c0d54585a563d4b3485fb01825c6061d6b200bd91e13089
backend/pet-order-biz/src/main/java/com/petplatform/order/biz/infrastructure/persistence/mapper/package-info.java,69,6d7590e94c63186d6a8ff29cc6d52e6acad9e3a891ce04083acc3af753b2463c
backend/pet-order-biz/src/main/java/com/petplatform/order/biz/infrastructure/provider/package-info.java,59,156ceac7181c3ebafbb624b193c6e812c0083e65ace9aaae35842a6995782cdd
backend/pet-order-biz/src/main/java/com/petplatform/order/biz/task/package-info.java,40,75ded31d73e85118428ea6b697e46adba4235f285b0857b2e1c8ba789faaa9b1
backend/pet-payment-api/pom.xml,751,9d6813ff8e5d839bc3da280eb0acf7059f0fe2d1239f2d7ed8a9e75a0b7452f1
backend/pet-payment-api/src/main/java/com/petplatform/payment/api/ApiModuleMarker.java,74,05b7925c1e5c53eca213f91c9455b0983ad6efdaf382fefdf6a49c3e5bf19c2e
backend/pet-payment-api/src/main/java/com/petplatform/payment/api/command/package-info.java,45,526435a06c7adc2b67dce8fb1a08a1ff9e9c32c04231648613583847e04ff1c5
backend/pet-payment-api/src/main/java/com/petplatform/payment/api/dto/package-info.java,41,a46c17e847da3ec3ddfa3a969c4382e0c0b2f6d2d770185ba075006d75e28178
backend/pet-payment-api/src/main/java/com/petplatform/payment/api/enums/package-info.java,43,1847e49a46935aab0f1671ffed67a1223c771ca53daf76ede96cc43a8793ae64
backend/pet-payment-api/src/main/java/com/petplatform/payment/api/error/package-info.java,43,996b5c97d57fabd66abe63770d707e212f91986c07e57e7b6e8c95a41051991a
backend/pet-payment-api/src/main/java/com/petplatform/payment/api/query/package-info.java,43,23001f832d82fb29fb8b7f406176b07cff1a8bf25f3531c90b9f4c56bd6b119a
backend/pet-payment-biz/pom.xml,2023,55ee29fa64a449431df1dc5c7f1c549451911d63f9044da811d2ad20ac1b41a1
backend/pet-payment-biz/src/main/java/com/petplatform/payment/biz/BizModuleMarker.java,207,f615434a63ddf25a8942453c99307b28b11083535deb6c92127e2094fe2c6bda
backend/pet-payment-biz/src/main/java/com/petplatform/payment/biz/apiimpl/package-info.java,45,7b158da320010be17fa5bc25cf576235e9379e0f5b88a62949253a79a71cbbf8
backend/pet-payment-biz/src/main/java/com/petplatform/payment/biz/application/package-info.java,49,e4f88639d0030768c08498c6f07b36665b2231612c598a4bd9b953897f7ffe2e
backend/pet-payment-biz/src/main/java/com/petplatform/payment/biz/domain/model/package-info.java,50,4953d088fe1dbfb6d1b87c112c78464525e038a0c2d43535ab8f7ba573540894
backend/pet-payment-biz/src/main/java/com/petplatform/payment/biz/domain/service/package-info.java,52,85786a2ecdb0e9973bf0bd628918646bcf8fa89f435d3e54b6567c8f88694c54
backend/pet-payment-biz/src/main/java/com/petplatform/payment/biz/event/package-info.java,43,eddad1220c058e33c9f75ff25c02cb447056480aeeffa6a9bbcb9a8872a2b583
backend/pet-payment-biz/src/main/java/com/petplatform/payment/biz/infrastructure/persistence/entity/package-info.java,71,90342cb565faa4cece2590dedabd96930d4dede7d506c5ae98f676255424f78a
backend/pet-payment-biz/src/main/java/com/petplatform/payment/biz/infrastructure/persistence/mapper/package-info.java,71,e7717bd7bc4d463989cb5dec574e104049c14479f6e44361b773f8b755b4998c
backend/pet-payment-biz/src/main/java/com/petplatform/payment/biz/infrastructure/provider/package-info.java,61,9647ba79eec02c95c3c817ceac87a622874841317cab4431742254e514c09590
backend/pet-payment-biz/src/main/java/com/petplatform/payment/biz/task/package-info.java,42,7cd3f81380f631996e61353b76be03d73da00e4c542cdaebba1b367378fc7bec
backend/pet-points-api/pom.xml,750,abfa3a8c1ac880484a4184130782093505e211e2cdd651398e9dde08c581b2b4
backend/pet-points-api/src/main/java/com/petplatform/points/api/ApiModuleMarker.java,73,7814bbf3a1f1e5b8755f5c1090850e00dd8712eeb8bd4aafa0ec1b763f504dd7
backend/pet-points-api/src/main/java/com/petplatform/points/api/command/package-info.java,44,f9486a59a06f69328ad09e75c3ac1b5ed63988ed98cee65d365669fdbe577575
backend/pet-points-api/src/main/java/com/petplatform/points/api/dto/package-info.java,40,334bda5bf7c459128dacb65420f4fac54dd0a43c206032258dee15c22c12d70b
backend/pet-points-api/src/main/java/com/petplatform/points/api/enums/package-info.java,42,c6f46ba368a26ac3126ac723be887f90cda8b914275ee9e79a1229dc7855b2bb
backend/pet-points-api/src/main/java/com/petplatform/points/api/error/package-info.java,42,98898e95dbdce6ade346e02bcf99e9c9245a25b4a51f290d1d59c2fedfcfe426
backend/pet-points-api/src/main/java/com/petplatform/points/api/query/package-info.java,42,6c2b4ca58ffe60e65749a97bc841c85e5f74395334363d0dc5b0a336416e150d
backend/pet-points-biz/pom.xml,1738,ae885411b5d7c4d960c66d4d23b0bbda08de9f11855e3cd4cf37f8c240e54db8
backend/pet-points-biz/src/main/java/com/petplatform/points/biz/BizModuleMarker.java,204,1d5bd159a6a9d229d0aaef30d6911a1847e79f58ca4041f06c6e745cd936f856
backend/pet-points-biz/src/main/java/com/petplatform/points/biz/apiimpl/package-info.java,44,3c8d0b30b37b3829976c4aa4fd8a67e7e6df738b3cc70d0d611f586e2f913abb
backend/pet-points-biz/src/main/java/com/petplatform/points/biz/application/package-info.java,48,079299bc9796e443408068919c6ca3a8b9352bffbd828d9dafb220ed65cd57a6
backend/pet-points-biz/src/main/java/com/petplatform/points/biz/domain/model/package-info.java,49,711fa37e4f8d5a6e7577ba7e6a0b83e29f9992ecdf0384a1b77780b034edb750
backend/pet-points-biz/src/main/java/com/petplatform/points/biz/domain/service/package-info.java,51,792884bf785cbe3bbec1718e8823b03140ed6dc6158648728d1049c9a5901f94
backend/pet-points-biz/src/main/java/com/petplatform/points/biz/event/package-info.java,42,0d0df95cdfa02ae8008b28a1aed09385ef3b69f22d6a3ef4df3bc2e1ffc960b6
backend/pet-points-biz/src/main/java/com/petplatform/points/biz/infrastructure/persistence/entity/package-info.java,70,68f3d1095bdca288b4ddc900627c8de11d79811bcd06fcdf4d8c90f5cac22003
backend/pet-points-biz/src/main/java/com/petplatform/points/biz/infrastructure/persistence/mapper/package-info.java,70,03ea627bc4a01f23985fc50c0f6dc65cc9f2d52a5ebb31230c199f8caad15705
backend/pet-points-biz/src/main/java/com/petplatform/points/biz/infrastructure/provider/package-info.java,60,67d2db136405b13673e7c89043f0037e40b086befb6fe972dfafafebb35da3cb
backend/pet-points-biz/src/main/java/com/petplatform/points/biz/task/package-info.java,41,8c69a6f06b38ddd09a6936a17545416b34b8e7bbe3f625f61e1bddadcf119fc3
backend/pet-refund-api/pom.xml,750,d3e113dc77759a455ea3d2835548e2b1627a9fbf2f59b359f3afa5b041f5365b
backend/pet-refund-api/src/main/java/com/petplatform/refund/api/ApiModuleMarker.java,73,d9cc53af5a9d094bcaace4a69fbe656535f528db2a6ff86f2380d0b7677ca20e
backend/pet-refund-api/src/main/java/com/petplatform/refund/api/command/package-info.java,44,1581415955f731525246b23ad07a4015fda804bc21d713d4c137ad326b608f98
backend/pet-refund-api/src/main/java/com/petplatform/refund/api/dto/package-info.java,40,48b1530c321c614e6fadb69b04f870512241a2989ed719c1decaa9cbbc950a05
backend/pet-refund-api/src/main/java/com/petplatform/refund/api/enums/package-info.java,42,9cd45812bd489c14e1ad3f290be5450b19484588f0ed52b3bd89a0be67797fdb
backend/pet-refund-api/src/main/java/com/petplatform/refund/api/error/package-info.java,42,167ca130e8f13be0b0bd83d785409d3a06f249330fb34a7dabb5423fd25bdd6d
backend/pet-refund-api/src/main/java/com/petplatform/refund/api/query/package-info.java,42,73b35576d664a2026499ffbfbd6d242aed9b229916951843614defc1d3593110
backend/pet-refund-biz/pom.xml,2163,583dc01a8c4a369bd00b5267705970cb0de57220741ca18d3226baedbdd3f0da
backend/pet-refund-biz/src/main/java/com/petplatform/refund/biz/BizModuleMarker.java,204,2c939ebf1bc8d6e0c06ed690d25ca331073e94792db19f54f847b52efc59b0bc
backend/pet-refund-biz/src/main/java/com/petplatform/refund/biz/apiimpl/package-info.java,44,886a48fab39556013ff9c66465d73ca375927e15b10b97431a46a70db70c2b35
backend/pet-refund-biz/src/main/java/com/petplatform/refund/biz/application/package-info.java,48,6c313b14d2b35303da9c1f8e64ee2bca3cb25c44ad0dcb1004bab27d5241b14f
backend/pet-refund-biz/src/main/java/com/petplatform/refund/biz/domain/model/package-info.java,49,a6cd3d30f15e19103ca69754e047321b2c272506a6d8f2718e44bdd15bdd85a8
backend/pet-refund-biz/src/main/java/com/petplatform/refund/biz/domain/service/package-info.java,51,e4583bd11c196b780b33da25408f1739c36e932a6c9bbc3419b8759279b05288
backend/pet-refund-biz/src/main/java/com/petplatform/refund/biz/event/package-info.java,42,1af56f81339332f8cf499f223ecfaa668e2cc310cde1691542681b131d504993
backend/pet-refund-biz/src/main/java/com/petplatform/refund/biz/infrastructure/persistence/entity/package-info.java,70,036bfb9d2f908a74bf04b7268189008924ffc9c9bf80e0d3f639eb97da190a3d
backend/pet-refund-biz/src/main/java/com/petplatform/refund/biz/infrastructure/persistence/mapper/package-info.java,70,abaf37c02118fa8ebdd7cb0ed388c7355b0722e3d9e9b07966f487c65c67e1e1
backend/pet-refund-biz/src/main/java/com/petplatform/refund/biz/infrastructure/provider/package-info.java,60,ea12ed7730d539a74ae9820a5acbe0ef812a1415d24187fda422b773aa10a0a7
backend/pet-refund-biz/src/main/java/com/petplatform/refund/biz/task/package-info.java,41,049f624d7c4aa51bf6a1a2519c6573e363cf853695adb5d1245a68320bbc06fc
backend/pet-review-api/pom.xml,750,6d2a3acde9a1e9c6ff5cf0e160d6239606c9e7c0af636e8ffe71cedbcee2163e
backend/pet-review-api/src/main/java/com/petplatform/review/api/ApiModuleMarker.java,73,96bb405f6a1e363e62af84a29db0ae7d16c513d6876ab29e496a1b38dd5b24aa
backend/pet-review-api/src/main/java/com/petplatform/review/api/command/package-info.java,44,2b49cd55f50fec75b5e39598d613a670bda6f2e5385677c85bfeaaff19556ab7
backend/pet-review-api/src/main/java/com/petplatform/review/api/dto/package-info.java,40,d98a3a8960b4dddd99c159c708d1b789e0752d90f3f9937b9a746c4d079fe913
backend/pet-review-api/src/main/java/com/petplatform/review/api/enums/package-info.java,42,0bf8d758c91987b4f71e8e8a47f83c246841cd7b788978d19667c429c0395248
backend/pet-review-api/src/main/java/com/petplatform/review/api/error/package-info.java,42,476e6a8a4fc85bba9c90d1dbd451033f5a662f86a2c8237e308322e98070d6c1
backend/pet-review-api/src/main/java/com/petplatform/review/api/query/package-info.java,42,dcee5a3fd759862f79c7fb9c0a46de14e7bc1a28be922795b87c94fa69413d9e
backend/pet-review-biz/pom.xml,1879,fbe284ca29ee2c3618b03f7a99e204254f302a4706b8fe7b03c02b5b631ef2a1
backend/pet-review-biz/src/main/java/com/petplatform/review/biz/BizModuleMarker.java,204,1addfddd185783ac3fe2b89ae0c9e7bf8ef67c8a4088cde58763d70fc2e250e9
backend/pet-review-biz/src/main/java/com/petplatform/review/biz/apiimpl/package-info.java,44,92b48ba00ab47bf4e30acd6745f0a69b5151f118b8f0bad329f22690cdcedae1
backend/pet-review-biz/src/main/java/com/petplatform/review/biz/application/package-info.java,48,d86b4c647909d35c0ce91db8d4a3761deb540e86b2f80c6177c9f0286f2dee77
backend/pet-review-biz/src/main/java/com/petplatform/review/biz/domain/model/package-info.java,49,feaf4d2b17a5bf144b1212a898c239a68aa45793a1ef780251b8399d12fda756
backend/pet-review-biz/src/main/java/com/petplatform/review/biz/domain/service/package-info.java,51,9c1fd54b9f5f6a03e8babb9809af751c6cf2d9ff77439b5111e9c56f7b1cb103
backend/pet-review-biz/src/main/java/com/petplatform/review/biz/event/package-info.java,42,8d87f98871f9b862cbe21e77621b1d558759a08aa004ae1d95c2d7b947a84dd8
backend/pet-review-biz/src/main/java/com/petplatform/review/biz/infrastructure/persistence/entity/package-info.java,70,cacd116ecc9cdf1482d6978ea4c4f3ddffe0e36671d1ccebaa27dc57497a951b
backend/pet-review-biz/src/main/java/com/petplatform/review/biz/infrastructure/persistence/mapper/package-info.java,70,5b8057fc1a3b1803e15db680cc4787b6aae5d36ce0eb5d558ba841a18d094662
backend/pet-review-biz/src/main/java/com/petplatform/review/biz/infrastructure/provider/package-info.java,60,d350c30f091448513d92b33dfa3faea0047a942807e44d089fda511ebdce4587
backend/pet-review-biz/src/main/java/com/petplatform/review/biz/task/package-info.java,41,770449ad71bd961f6911489446cce9523a1c9cff43de7c6d9665689e5080a50b
backend/pet-schedule-api/pom.xml,752,042097ca55dd9a4a77e3291fc0e696de8fbe77de20538e45e4cd1bf07e0bf8b1
backend/pet-schedule-api/src/main/java/com/petplatform/schedule/api/ApiModuleMarker.java,75,801b890a711d1066b0e419794e94942c0fdf83327547e5187e432c36dc1f8353
backend/pet-schedule-api/src/main/java/com/petplatform/schedule/api/command/package-info.java,46,c8300177ca153fb46bfc7780f7a3c124aa046879d5d15f10554dd8c31f7797f1
backend/pet-schedule-api/src/main/java/com/petplatform/schedule/api/dto/package-info.java,42,eee0dbf183581ada87955c9ed7da6524851396906412eb247bafc03a83bf3637
backend/pet-schedule-api/src/main/java/com/petplatform/schedule/api/enums/package-info.java,44,db0de60fe82a5730220f2f936d03f0b2b009d11b438a6e9238649061e5af850a
backend/pet-schedule-api/src/main/java/com/petplatform/schedule/api/error/package-info.java,44,4ccfb79bd82ddaa0ab6590512089513ce6c5965f04ab17abc431bdd170895531
backend/pet-schedule-api/src/main/java/com/petplatform/schedule/api/query/package-info.java,44,6c702f37f9f11762ca5035887c27667e93c631b69b302e20009c3ffdffec0b28
backend/pet-schedule-biz/pom.xml,2337,d8070dcba79f1f1fd16d02427aceb2c04b66d97e60ce292f6359cca7869893eb
backend/pet-schedule-biz/src/main/java/com/petplatform/schedule/biz/BizModuleMarker.java,210,293d0443e5e957b4cf30db1e3d9b836f201293968659b1a3101c3799203dd60b
backend/pet-schedule-biz/src/main/java/com/petplatform/schedule/biz/apiimpl/package-info.java,46,fb61a9a204c3c7d3a1944a4f386c360c69e0650848208bbfebec1fb3bfc1832c
backend/pet-schedule-biz/src/main/java/com/petplatform/schedule/biz/application/package-info.java,50,5ee7fd1173103d7bae08c3ddca0b16e4a4428684f11bbb6a502240c30dce9a14
backend/pet-schedule-biz/src/main/java/com/petplatform/schedule/biz/domain/model/package-info.java,51,203471ac6753fc70b9b643296ec80c89a26d4cae7c7b05fa59d1def7161176b6
backend/pet-schedule-biz/src/main/java/com/petplatform/schedule/biz/domain/service/package-info.java,53,d8d9c7caaac307c5eea69ecfff0acdde0b11e3e46c1bfe1299a88ca6b2e44e25
backend/pet-schedule-biz/src/main/java/com/petplatform/schedule/biz/event/package-info.java,44,7ea1e2702b28ec0ee2a14c597dedbf5685f71cdcccb15bde68945c02987054b6
backend/pet-schedule-biz/src/main/java/com/petplatform/schedule/biz/infrastructure/persistence/entity/package-info.java,72,750020307ac8a50abddb72d3f01d261dbf7684ae63f47d966711f7565e95788b
backend/pet-schedule-biz/src/main/java/com/petplatform/schedule/biz/infrastructure/persistence/mapper/package-info.java,72,335d51de9d062af74577cbd1f649ace152b70f80f893dcf9f7dd81b001b55cda
backend/pet-schedule-biz/src/main/java/com/petplatform/schedule/biz/infrastructure/provider/package-info.java,62,d030734b6ac1ec9fcd579667c1d024a060fe92f3aa26c5763b7a3a98ea35ad95
backend/pet-schedule-biz/src/main/java/com/petplatform/schedule/biz/task/package-info.java,43,5668019befe4fae771f0384b393b9bf09f055dafc8f9637a91f973116bc08d0c
backend/pet-service-api/pom.xml,751,c01024ca15bb6ee54c60599f1eca289d5e8bd51f3e0f481163d6e4a322eaae0e
backend/pet-service-api/src/main/java/com/petplatform/service/api/ApiModuleMarker.java,74,3efa85e0ec630ceaedc5750d462a36e637e5e00912d823ab073f9b10ea1abb9f
backend/pet-service-api/src/main/java/com/petplatform/service/api/command/package-info.java,45,ef660722a44223e18ef7928a595681724227d85fbcdb5872fdd874fa29db9eaf
backend/pet-service-api/src/main/java/com/petplatform/service/api/dto/package-info.java,41,b5350e77b3e19a7f2012eb17031f691c7c3518ce86926787cc01809d4616e8c3
backend/pet-service-api/src/main/java/com/petplatform/service/api/enums/package-info.java,43,a9519b8f1ad942ceabf39104589cf254c757587c34edb3f3fa04cf867fe0d5e6
backend/pet-service-api/src/main/java/com/petplatform/service/api/error/package-info.java,43,42f17d0f0b5adbd428fcaf139b0933ee579eebf8e07270df64b36bea1ead4b81
backend/pet-service-api/src/main/java/com/petplatform/service/api/query/package-info.java,43,cb0aad9e0a3ccd926bb8e9f98841141c39bbc098a1b619a07cf01b54a5ac15de
backend/pet-service-biz/pom.xml,1884,4b775c6723d99d2fba0b19612f5d94b2b443bd009f43e655615e1686677d92f2
backend/pet-service-biz/src/main/java/com/petplatform/service/biz/BizModuleMarker.java,207,4419f0728c50704e0a02cafd3beff53b533f3142b6c914cb43ff3271143b7cc5
backend/pet-service-biz/src/main/java/com/petplatform/service/biz/apiimpl/package-info.java,45,442ad2b0638bf7c3b7a90309aff294a0b8441b41920ee28404bfe84beb7d0bf4
backend/pet-service-biz/src/main/java/com/petplatform/service/biz/application/package-info.java,49,c58b6960533c9ba0cdee71b088f6f1f8e4b8d51da4142a2519f02bfbfde86573
backend/pet-service-biz/src/main/java/com/petplatform/service/biz/domain/model/package-info.java,50,7661b808c6253be45d3b4fe59bc598ac46e1a29c7b5da583165b833a173fae28
backend/pet-service-biz/src/main/java/com/petplatform/service/biz/domain/service/package-info.java,52,4d3d7e11a5c90f8ac9320c88a98949bbaf7c94c9938bafddd87b995f29578505
backend/pet-service-biz/src/main/java/com/petplatform/service/biz/event/package-info.java,43,0928c8cadf24f8c6c295ad2a65166c27db81d1096691cf6e5af107d197c8d6e7
backend/pet-service-biz/src/main/java/com/petplatform/service/biz/infrastructure/persistence/entity/package-info.java,71,23de5ce6b8464fe5fe68e66687f0b33e7fc64362c0cd1dd16025af3fc5bcd8bf
backend/pet-service-biz/src/main/java/com/petplatform/service/biz/infrastructure/persistence/mapper/package-info.java,71,a716d4c83f86ee37766ee2eb61c938a7c946a66752fcaa4095ef347ca3c08c0b
backend/pet-service-biz/src/main/java/com/petplatform/service/biz/infrastructure/provider/package-info.java,61,e2627c9f7ce73ebbb13daebe7b9900fba3b9966a16b9f75dd97858e9e90793b9
backend/pet-service-biz/src/main/java/com/petplatform/service/biz/task/package-info.java,42,2c41c29bba9157ae12f9fcd32fc0f51acdcf05db663a93df0e6fff4e57fbf0f6
backend/pet-task-core/pom.xml,1179,792a5cd7e4ca512c899d59cd891b4d8d1764a4228cdb1c8727a92959cf7742ad
backend/pet-task-core/src/main/java/com/petplatform/task/core/TaskExecutionContext.java,212,9eaa3a8cda80ec1ae5cfc0bde91fbaf788f208498fc493f953b8d96096aa4b52
backend/pet-task-core/src/main/java/com/petplatform/task/core/TaskExecutionResult.java,592,3d9d118663006d7af933bdcc3f16816578408ad08f030cc1af41439ba2935cd4
backend/pet-task-core/src/main/java/com/petplatform/task/core/TaskHandler.java,169,e70be15d99b77d513ceceee935ab358edd1714d5c576c8bfea722b040426c265
backend/pet-thirdparty-api/pom.xml,754,836448fd1f1587d53e6f09a3ad77b35a8604ba0de84eb598bbcdd5ab5a3587d6
backend/pet-thirdparty-api/src/main/java/com/petplatform/thirdparty/api/ApiModuleMarker.java,77,fa41f8d8f911f96d4c2b6b35307f0960daa021581acb36c95995a323f2c166d4
backend/pet-thirdparty-api/src/main/java/com/petplatform/thirdparty/api/command/package-info.java,48,8ebbd233f6a494559e2acc122d77826eda8216d498c14c02347df081dcd6d3d4
backend/pet-thirdparty-api/src/main/java/com/petplatform/thirdparty/api/dto/package-info.java,44,39baa7360471055aca50bb50ca96f57b28c8f10cfa1ffd2bf11c8b1a3238d7d8
backend/pet-thirdparty-api/src/main/java/com/petplatform/thirdparty/api/enums/package-info.java,46,527ddc673897799d8d0633e2c6f1252d85ef8694d0bb76ece20264570dd208f4
backend/pet-thirdparty-api/src/main/java/com/petplatform/thirdparty/api/error/package-info.java,46,665be37d84cf0da9019adf60f4348641d2d1f78c6263038932bcd593c853612c
backend/pet-thirdparty-api/src/main/java/com/petplatform/thirdparty/api/query/package-info.java,46,a8771e237f347966495960c47cb223098c37028e23fa4382967e20e2299a6724
backend/pet-thirdparty-biz/pom.xml,2173,8b40e827d00c02652770911e00027a782e1a7df2eee74e49e11cffce3e4fca6e
backend/pet-thirdparty-biz/src/main/java/com/petplatform/thirdparty/biz/BizModuleMarker.java,216,77ea49452324c0dd893b3f29a320f2a1f8d2abca035d88efeef6ca19477a07e9
backend/pet-thirdparty-biz/src/main/java/com/petplatform/thirdparty/biz/apiimpl/package-info.java,48,ccb19fdc427f70dbaab44afc46e31f27aab53c2be341801ac90d3f0cf2a6273f
backend/pet-thirdparty-biz/src/main/java/com/petplatform/thirdparty/biz/application/package-info.java,52,e4acb8d267d81debe3641116332ba8b39e03f6092030eeb3f905a00117c791a6
backend/pet-thirdparty-biz/src/main/java/com/petplatform/thirdparty/biz/domain/model/package-info.java,53,9ebe83887ec432d4c62ec1814a2e2f80325dcce20208a0f0937c7e763eb1702a
backend/pet-thirdparty-biz/src/main/java/com/petplatform/thirdparty/biz/domain/service/package-info.java,55,67508574a5f37634092e764687dbd7bcfdd34b671cd17f957becc09ddd42ee74
backend/pet-thirdparty-biz/src/main/java/com/petplatform/thirdparty/biz/event/package-info.java,46,e627e2eaf2cc8cb9e5c55d6bdf1da7b2f2f70c962d295d027f398e07695dccf0
backend/pet-thirdparty-biz/src/main/java/com/petplatform/thirdparty/biz/infrastructure/persistence/entity/package-info.java,74,b49d634e440f81dd442fdd0a33b7ae5d42bceaf1d98f9fa40cdc30b91cb8d7d9
backend/pet-thirdparty-biz/src/main/java/com/petplatform/thirdparty/biz/infrastructure/persistence/mapper/package-info.java,74,bcdba7473714cab39642a773cd8baa0b7037063c4060e6892478eae6f352c489
backend/pet-thirdparty-biz/src/main/java/com/petplatform/thirdparty/biz/infrastructure/provider/package-info.java,64,05d079408ebe098ea4c541e479ba0eddbb593f6e30324acaf640c82b48d4b29a
backend/pet-thirdparty-biz/src/main/java/com/petplatform/thirdparty/biz/task/package-info.java,45,e27a2b2a4eb9b6e0670e81c3867f49935ceec31ac3ba822a098dc96337f933f5
backend/pet-user-api/pom.xml,748,8026ee34b0026795a6a2f79a199db04a581b20a44603cf9476284bbd87ce6802
backend/pet-user-api/src/main/java/com/petplatform/user/api/ApiModuleMarker.java,71,e9ea78242dce807bf7c2db24ae885b270d6855e4cdba6fc9eab2a14f1e936b5a
backend/pet-user-api/src/main/java/com/petplatform/user/api/command/package-info.java,42,f36f3e282885a54208bbe6e6c9db5716904987e9040a3dcc8bbdf5d780c56c5a
backend/pet-user-api/src/main/java/com/petplatform/user/api/dto/package-info.java,38,02894cbc1006a8f6344439bcbf2e0b83465622877799134325925b259045b106
backend/pet-user-api/src/main/java/com/petplatform/user/api/enums/package-info.java,40,0976bc0178b438e3af182767682c143bdf7d9e7493d0bcbbb9bb07ce54149f78
backend/pet-user-api/src/main/java/com/petplatform/user/api/error/package-info.java,40,7a9ff32c19ed5a0535d0183836ee6cdd9e8e04eddbd75afd5ba2047c16c78bfc
backend/pet-user-api/src/main/java/com/petplatform/user/api/query/package-info.java,40,7755640049d75ba1cf4e30d13a8f32f16f2324163506627e5d82694c71c1351f
backend/pet-user-biz/pom.xml,1734,69da461fed110e881d244bdddedc9caecc659ebb21cbc6791ab87ab090b8373a
backend/pet-user-biz/src/main/java/com/petplatform/user/biz/BizModuleMarker.java,198,0b1c45fe81f5a39eea6d71325f1d68699fd710a5cb5837c88c59a05aa0e3eb96
backend/pet-user-biz/src/main/java/com/petplatform/user/biz/apiimpl/package-info.java,42,b7b7c7f8ab7820b9d94b3f0eb15e64d363ea0d999d93c5e5b36146d6fafff1a2
backend/pet-user-biz/src/main/java/com/petplatform/user/biz/application/package-info.java,46,bdd7ef11494dd0c9325135e8ef603f4014ec47d29adde757d903e7ff80e79d8f
backend/pet-user-biz/src/main/java/com/petplatform/user/biz/domain/model/package-info.java,47,ac8338bc149d6bfaac69dcce1c58f02ec70c27b21d5446ff49c8ec3a73a08747
backend/pet-user-biz/src/main/java/com/petplatform/user/biz/domain/service/package-info.java,49,fa5797cbd5331a96af3deb9c9e25b512ac4e47cf1385889a12e4b3844db8378b
backend/pet-user-biz/src/main/java/com/petplatform/user/biz/event/package-info.java,40,88f860c138e6fe68f04c8b9c05f786be97e6dd7b151eb01a5d680b1450832aff
backend/pet-user-biz/src/main/java/com/petplatform/user/biz/infrastructure/persistence/entity/package-info.java,68,294375ee22c75a39d29492879d72fdb7026cda923cfa351e6f8f71a304e46b3a
backend/pet-user-biz/src/main/java/com/petplatform/user/biz/infrastructure/persistence/mapper/package-info.java,68,aab0c620989e34f6522ae2d3efda8940f9a943c5757987f6360bace099da1db3
backend/pet-user-biz/src/main/java/com/petplatform/user/biz/infrastructure/provider/package-info.java,58,15492971e37955549a52d01cddf76bfca956c43ccb6c6f5e5cde9f056f71f825
backend/pet-user-biz/src/main/java/com/petplatform/user/biz/task/package-info.java,39,05a7cde226c52a087fbd8082d4d49d6a850211108ec073f71ed8182b627b8357
backend/pet-verification-api/pom.xml,756,4bffe3afbfb5600e1e4c5e948a58ff92d3393613197f1bdda9815f55ddfa8380
backend/pet-verification-api/src/main/java/com/petplatform/verification/api/ApiModuleMarker.java,79,a55cf7fc2fd8449319f2485fe8eb4c8918f429c0b7bbe5a5dce5d28d27f3c146
backend/pet-verification-api/src/main/java/com/petplatform/verification/api/command/package-info.java,50,4ffb2164dee1e9b1d0d059d8314f31c6d75bc1350bedb717bd2cf1b7fa33e439
backend/pet-verification-api/src/main/java/com/petplatform/verification/api/dto/package-info.java,46,79c98eb4bae2ced4ffc58ece4a9ffef7e2739f6907536c0dad8d7f7d4aa26bdb
backend/pet-verification-api/src/main/java/com/petplatform/verification/api/enums/package-info.java,48,76a043ec2d9e19146816952ff8f497e67a20bc676c2b916c6b466d73892cdc3c
backend/pet-verification-api/src/main/java/com/petplatform/verification/api/error/package-info.java,48,a6abf71132abefc008efe611ae5ded7513ab0da03e7afa8e582f4417ae6fd948
backend/pet-verification-api/src/main/java/com/petplatform/verification/api/query/package-info.java,48,18a6cccf7fc10ba5c5e9c69461a24b362b36380ffac9fb00ebc8baf45135dd4b
backend/pet-verification-biz/pom.xml,1891,75bef2ddabdf310f9ebdb7876b4f1650d4411db5a8299a0aade4e42201890e16
backend/pet-verification-biz/src/main/java/com/petplatform/verification/biz/BizModuleMarker.java,222,0e30a4b3295dd95f39e4876c536c23b37ff22b543f93bdc3f29ee1e5a8a34194
backend/pet-verification-biz/src/main/java/com/petplatform/verification/biz/apiimpl/package-info.java,50,309e63674515dc70fa454655829a88acf712e00902b006e5a019962b425b3296
backend/pet-verification-biz/src/main/java/com/petplatform/verification/biz/application/package-info.java,54,5b36ebcba15342a7e954e415ecb66e7abed5927eaeddf11108e63c578dd3f516
backend/pet-verification-biz/src/main/java/com/petplatform/verification/biz/domain/model/package-info.java,55,bd64757e40c04ab7d9c97d81832f4080c7d0465f980ff284a13934db6fb326e3
backend/pet-verification-biz/src/main/java/com/petplatform/verification/biz/domain/service/package-info.java,57,1acd1ba32142a59c06cad11996bed590ab485647b5e083ba33ebe778eb865025
backend/pet-verification-biz/src/main/java/com/petplatform/verification/biz/event/package-info.java,48,f1013a65f37421dbb35633820f89d522148b1f74a9cee92e84d691db1ebd5dcc
backend/pet-verification-biz/src/main/java/com/petplatform/verification/biz/infrastructure/persistence/entity/package-info.java,76,3c7e79705cfeaf683b382399909a6a49ac18a814842bcab4898af9ada45ee957
backend/pet-verification-biz/src/main/java/com/petplatform/verification/biz/infrastructure/persistence/mapper/package-info.java,76,65e9a539a94daecdadbd91b7e1c22b72dd51a0bf9feb27e7fa077f30ec86979a
backend/pet-verification-biz/src/main/java/com/petplatform/verification/biz/infrastructure/provider/package-info.java,66,829cd51ebc5f93f141ee31e7a8012f49bf957a0e5664f7deaa0116c854916c96
backend/pet-verification-biz/src/main/java/com/petplatform/verification/biz/task/package-info.java,47,d4fb566e28f051707d738f2a888f0c398f88c4c1dd83730bbcfcbd2c49cb7763
backend/pom.xml,5563,d2d54b2e9378194728f3c3b88ad10c627c3d8e5512ef57a8bc71061e470a40ac
backend/tools/check-module-deps.py,811,13d3260bd54bea3995f873b9f69189157e927e95be6f3743ff87b9d777b4f3f9
docs/00-ssot/01-SSOT-宠物平台V1.0-最终业务基线.md,20150,af7625d73f8b737edf2088e4e5fa4f62d87f830d06e1ce9dbee990f1661403bb
docs/01-prd/02-PRD-C端用户-V1.0-最终基线.docx,9011951,d4277076820cc8953ccbce9e672827f1b4d7a9a4ec4cb3081eb661aab7d66ff0
docs/01-prd/03-PRD-商家端-V1.0-最终基线.docx,71381,fd1a60ad64b42cc1191567a9961242a359688a99e6750dabb8a7224147b2753b
docs/01-prd/04-PRD-运营端-V1.0-最终基线.docx,6802609,43c5578a23a882b1cd77acd3e24f88c75380de012371d75dfc61fd09403e41f9
docs/02-architecture/05-技术基线-v0.6.md,28452,a2cc2b20972361af49bfa8e6c4bd6693a1f437e0f8962827c9348f4fd576ee73
docs/02-architecture/17-Maven工程骨架设计-v0.1.md,3950,2c2ccfdf919db115dcb7892a1d9ab17f8d7c500a8b2fc2c0389f80a869af382f
docs/03-database/06-核心数据库Schema-v0.1.sql,41045,981209bcd56e09271ed62e8f164180c8aa43c70bd2836277793a66b3db8f4b79
docs/03-database/13-Async-Infra-Schema-v0.1.sql,4857,7a8deb8afdec964705b7d812d151a2a658639552941fadade26fa2d7faa777bc
docs/04-api/07-内部API-Contract-v0.6.md,27993,624053f17e5e9177e27a5aa796879d73ca888da9f726b817237906d97d917eae
docs/04-api/10-HTTP-API-Contract-v0.4.md,27652,768b28dacd5d5f254dd36cfdf442f89bfa358523c00b3fae2126a19a31d9b0d3
docs/04-api/11-OpenAPI-Core-v0.4.yaml,19637,f1414cfd77e1401e8ca3b51c679caa6b4c9e0d2da961c9fd8246156b4d7a452d
docs/04-api/12-Error-Code-Registry-v0.5.md,7044,41c9bd2a4f1041ecce99c3ae7cdfaf0854f6f6c69a4edec1958b0e5b9dac2608
docs/05-events/08-Integration-Event-Catalog-v0.6.md,9603,0f90793941a222a2621726b1265fd733a8550b11bcaa61c5abd44853891986cd
docs/06-scheduler/09-Scheduler-Retry-Compensation-v0.5.md,24494,cbed3764434486556d68553730593ba4ebcebe728b43d844c0d3001139c2224d
docs/07-testing/14-全链路测试矩阵-v0.1.md,24385,d9fd498e50cb891750f85b14421af070f421861ace14eb7c4edd95be54838c42
docs/07-testing/15-并发故障测试矩阵-v0.1.md,11072,918bf7caeebb2bf708824fc2d5cb5b13fcbd3b9589894dccbf1047e88fd22ca7
docs/07-testing/16-测试发布门禁-v0.1.md,3265,678c4adddd07f975de8f2f3365996266f2d64e7c14ef242b7ec24654fc4b8e69
docs/08-engineering/18-AI并行研发流水线规范-v0.1.md,7117,81496da170f32e562114347e892fa44d8f35fdbdd36eb97ffe2c5eaa41d0fc97
docs/08-engineering/19-Work补充启动指令-AI研发流水线.md,1161,6d45df34e5e5d39e6ee8f4f50f5f50789933da3fb6af173ef99f593d7c03ff15
e2e/README.md,71,4efb77a8ae3a66a81df72d064c2c31f4e8758cffb4f1eb51cacdf4504a3a5330
frontend-admin/README.md,140,a38e15f9d0890530ebf066708a82de434f6699f472d34c25b28b50bcf2c36016
frontend-c/README.md,184,8f5846e5861429ce51975063e714dae4c93fc7699e2a311c839a83b7b0b86b63
frontend-merchant/README.md,130,9db664d4f108a8e71f547dd678b07680013cab94b6f808798a97768ea4024de8
planning/AI_TEAM_OPERATING_MODEL.md,751,8a557a79a53081d3236f3015084d1e7edef5f698e761d19f63e263b7754d6bdd
planning/AUDIT_FINDINGS_PRELIMINARY.md,1253,cc5fed206584e0c4d2a76c74b666231c95f709caf86558d6266cd02294ba3653
planning/BLOCKED_QUEUE.md,353,d341caaf69dd0b346c3995a606cd5a8eb32bd97c40ade42bca1cf4fca2721f0e
planning/CAPABILITY_MAP.md,2028,cd4e154c1f8e5a889bce4037c1fc8c564c3c09cbd48c520d13fd69aef3ad9280
planning/CROSS_END_JOURNEYS.md,1413,a13fb2877b065d702b1893c2a24e5467e0d350ac8a7f477a06ec407c09c5cf54
planning/DEPENDENCY_GRAPH.md,1283,b517c9938a008415655c8f783babf597b7ac7c8ab9c8ecbb0f159a139dbdce79
planning/EPIC_CATALOG.md,1730,a8cacb7b2c1c2f55cc17fe043edde7e2430e8e105ab57536b7a51b56e4f9003e
planning/ISSUE_CATALOG.csv,10130,153bd1b23a03bb5dc44f8f2d6620e4a12b52dc51477aaca9653caf03e254fec9
planning/OPEN_DECISIONS.md,483,a8ce499a7127e9e9f998dcec0912b9c31ba08addf151a0f6e032089d2afbb44c
planning/READY_QUEUE_WAVE_1.md,1327,b80a04dc54c929d7298cb883c11e219984f614f955e1ce67bb2b9267d6a3b5eb
planning/STORY_CATALOG.csv,1945,5095ac6a7a7a0dae70331fa4a9f6ccc6d17f7057cf860f534f393d9d16e1505b
planning/TRACEABILITY_MATRIX.md,1725,e758b321e7d0535c6f1a5964b2f7136f35102bda54a45952d6a263d277e0c4a5
planning/WORK_DAILY_PROMPT.md,397,353dd2e144e256ef7a73f6bf174735b0117b7660b65db89bee5b4eab1c55709b
planning/issues/wave-1/A-001.md,824,040351fe4fc40f9686b45f138c20ec50966849fd6ca9932b204a853fb184937c
planning/issues/wave-1/C-001.md,821,f08c58a8927f816bfcf46434c58eec1ca9f3ff8924fb8c13ab17445ac56e5e5d
planning/issues/wave-1/GOV-001.md,833,7c28c5fa9152e224ac163a59f42ed42a34f43ffd90109046f2ad8405ee2220cf
planning/issues/wave-1/GOV-002.md,832,c3d498a817248fd853f7f6601577753beb88604c59535423a8f21f7340e62fa4
planning/issues/wave-1/M-001.md,839,ea3ae139c031c85f8c527b90eac1dc8cd37a7b1d41d7e4864f5ddce1bb1f2636
planning/issues/wave-1/PLAT-001.md,815,d586e17f501497a39c0f65a767c978d682093fd86b300ef89e3d682a90ad5eee
planning/issues/wave-1/QA-001.md,843,1188dd51c1e1a4e9059e8f9e023c08bd300fbb047aa30e5e9b2a1ed9c734ceb6
planning/三端AI研发甘特图.xlsx,13310,24d4f1f6c0168821afa3dd7a156e4c968907e39c6835f344df67673c3e808a6d
scripts/Check-Environment.ps1,249,2534a0d880fc07c47c7d1d888384107d2988653e4b2f6d100115148ead238649
scripts/Init-LocalGit.ps1,672,1f26a09311cdc82b54864d90d4489bb27be4afc87132a73f13bcfd97add95581
scripts/List-Worktrees.ps1,18,709d5251c5b5c3711c5f11a107a41766fb58ceb28f2d6fdb3ba5ec197923ed82
scripts/New-TaskWorktree.ps1,554,c3ff9e0f04663c6ae5731e08337e2bc201ec8296d550040b470e367e383034b9
scripts/Remove-TaskWorktree.ps1,339,270bafa113cc382ff1b6a43ae3fa1688516ba02adaf69509e7d6521f59189905
